onset	duration	trial_type	value	sample
0.0	0.0	New Segment/	99999	0
0.0	0.0	Comment/Active Shielding: On	10001	0
0.0	0.001	New Segment/	99999	0
0.0	0.001	Comment/Active Shielding: On	10001	0
34.691	0.0	Stimulus/S 11	11	34691
34.691	0.001	Stimulus/S 11	11	34691
35.698	0.0	Stimulus/S 11	11	35698
35.698	0.001	Stimulus/S 11	11	35698
36.698	0.0	Stimulus/S 11	11	36698
36.698	0.001	Stimulus/S 11	11	36698
37.697	0.0	Stimulus/S 11	11	37697
37.697	0.001	Stimulus/S 11	11	37697
38.698	0.0	Stimulus/S 11	11	38698
38.698	0.001	Stimulus/S 11	11	38698
39.698	0.0	Stimulus/S 12	12	39698
39.698	0.001	Stimulus/S 12	12	39698
59.678	0.0	Stimulus/S 12	12	59678
59.678	0.001	Stimulus/S 12	12	59678
79.676	0.0	Stimulus/S 12	12	79676
79.676	0.001	Stimulus/S 12	12	79676
99.673	0.0	Stimulus/S 12	12	99673
99.673	0.001	Stimulus/S 12	12	99673
119.671	0.0	Stimulus/S 12	12	119671
119.671	0.001	Stimulus/S 12	12	119671
139.668	0.0	Stimulus/S 12	12	139668
139.668	0.001	Stimulus/S 12	12	139668
159.665	0.0	Stimulus/S 12	12	159665
159.665	0.001	Stimulus/S 12	12	159665
179.662	0.0	Stimulus/S 12	12	179662
179.662	0.001	Stimulus/S 12	12	179662
199.659	0.0	Stimulus/S 12	12	199659
199.659	0.001	Stimulus/S 12	12	199659
219.657	0.0	Stimulus/S 12	12	219657
219.657	0.001	Stimulus/S 12	12	219657
239.653	0.0	Stimulus/S 12	12	239653
239.653	0.001	Stimulus/S 12	12	239653
259.651	0.0	Stimulus/S 12	12	259651
259.651	0.001	Stimulus/S 12	12	259651
279.648	0.0	Stimulus/S 12	12	279648
279.648	0.001	Stimulus/S 12	12	279648
299.645	0.0	Stimulus/S 12	12	299645
299.645	0.001	Stimulus/S 12	12	299645
319.643	0.0	Stimulus/S 12	12	319643
319.643	0.001	Stimulus/S 12	12	319643
339.639	0.0	Stimulus/S 12	12	339639
339.639	0.001	Stimulus/S 12	12	339639
359.637	0.0	Stimulus/S 12	12	359637
359.637	0.001	Stimulus/S 12	12	359637
379.634	0.0	Stimulus/S 12	12	379634
379.634	0.001	Stimulus/S 12	12	379634
399.632	0.0	Stimulus/S 12	12	399632
399.632	0.001	Stimulus/S 12	12	399632
419.629	0.0	Stimulus/S 12	12	419629
419.629	0.001	Stimulus/S 12	12	419629
439.626	0.0	Stimulus/S 12	12	439626
439.626	0.001	Stimulus/S 12	12	439626
459.623	0.0	Stimulus/S 12	12	459623
459.623	0.001	Stimulus/S 12	12	459623
479.62	0.0	Stimulus/S 12	12	479620
479.62	0.001	Stimulus/S 12	12	479620
499.618	0.0	Stimulus/S 12	12	499618
499.618	0.001	Stimulus/S 12	12	499618
519.615	0.0	Stimulus/S 12	12	519615
519.615	0.001	Stimulus/S 12	12	519615
539.612	0.0	Stimulus/S 12	12	539612
539.612	0.001	Stimulus/S 12	12	539612
559.61	0.0	Stimulus/S 12	12	559610
559.61	0.001	Stimulus/S 12	12	559610
579.607	0.0	Stimulus/S 12	12	579607
579.607	0.001	Stimulus/S 12	12	579607
599.605	0.0	Stimulus/S 12	12	599605
599.605	0.001	Stimulus/S 12	12	599605
619.601	0.0	Stimulus/S 12	12	619601
619.601	0.001	Stimulus/S 12	12	619601
640.598	0.0	Stimulus/S 13	13	640598
640.598	0.001	Stimulus/S 13	13	640598
641.598	0.0	Stimulus/S 13	13	641598
641.598	0.001	Stimulus/S 13	13	641598
642.598	0.0	Stimulus/S 13	13	642598
642.598	0.001	Stimulus/S 13	13	642598
643.597	0.0	Stimulus/S 13	13	643597
643.597	0.001	Stimulus/S 13	13	643597
644.597	0.0	Stimulus/S 13	13	644597
644.597	0.001	Stimulus/S 13	13	644597
680.849	0.0	Stimulus/S 21	21	680849
680.849	0.001	Stimulus/S 21	21	680849
681.858	0.0	Stimulus/S 21	21	681858
681.858	0.001	Stimulus/S 21	21	681858
682.857	0.0	Stimulus/S 21	21	682857
682.857	0.001	Stimulus/S 21	21	682857
683.857	0.0	Stimulus/S 21	21	683857
683.857	0.001	Stimulus/S 21	21	683857
684.857	0.0	Stimulus/S 21	21	684857
684.857	0.001	Stimulus/S 21	21	684857
685.857	0.0	Stimulus/S 22	22	685857
685.857	0.001	Stimulus/S 22	22	685857
705.839	0.0	Stimulus/S 22	22	705839
705.839	0.001	Stimulus/S 22	22	705839
725.837	0.0	Stimulus/S 22	22	725837
725.837	0.001	Stimulus/S 22	22	725837
745.834	0.0	Stimulus/S 22	22	745834
745.834	0.001	Stimulus/S 22	22	745834
765.831	0.0	Stimulus/S 22	22	765831
765.831	0.001	Stimulus/S 22	22	765831
785.828	0.0	Stimulus/S 22	22	785828
785.828	0.001	Stimulus/S 22	22	785828
805.825	0.0	Stimulus/S 22	22	805825
805.825	0.001	Stimulus/S 22	22	805825
825.821	0.0	Stimulus/S 22	22	825821
825.821	0.001	Stimulus/S 22	22	825821
845.82	0.0	Stimulus/S 22	22	845820
845.82	0.001	Stimulus/S 22	22	845820
865.817	0.0	Stimulus/S 22	22	865817
865.817	0.001	Stimulus/S 22	22	865817
885.814	0.0	Stimulus/S 22	22	885814
885.814	0.001	Stimulus/S 22	22	885814
905.811	0.0	Stimulus/S 22	22	905811
905.811	0.001	Stimulus/S 22	22	905811
925.808	0.0	Stimulus/S 22	22	925808
925.808	0.001	Stimulus/S 22	22	925808
945.806	0.0	Stimulus/S 22	22	945806
945.806	0.001	Stimulus/S 22	22	945806
965.803	0.0	Stimulus/S 22	22	965803
965.803	0.001	Stimulus/S 22	22	965803
986.8	0.0	Stimulus/S 23	23	986800
986.8	0.001	Stimulus/S 23	23	986800
987.8	0.0	Stimulus/S 23	23	987800
987.8	0.001	Stimulus/S 23	23	987800
988.799	0.0	Stimulus/S 23	23	988799
988.799	0.001	Stimulus/S 23	23	988799
989.799	0.0	Stimulus/S 23	23	989799
989.799	0.001	Stimulus/S 23	23	989799
990.799	0.0	Stimulus/S 23	23	990799
990.799	0.001	Stimulus/S 23	23	990799
